scale0_kurtosis,scale0_mean,scale0_skewness,scale0_std,scale1_kurtosis,scale1_mean,scale1_skewness,scale1_std,scale2_kurtosis,scale2_mean,scale2_skewness,scale2_std,scale3_kurtosis,scale3_mean,scale3_skewness,scale3_std,scale4_mean,scale4_std,scale5_mean,signal_mean,label
-0.501973629,0.271378309,1.08460981E-15,0.344040424,-0.748251081,0.559435129,3.68990845E-15,0.665884554,-0.804365158,0.561353326,1.27962665E-15,0.651182771,-1,1,1,1,0.918450058,0.999952972,8.03441191E-17,2.77555756E-17,1
-0.501973629,0.271378309,7.23073222E-16,0.344040424,-0.748251081,0.559435129,3.78963599E-15,0.665884554,-0.804365158,0.561353326,1.49289779E-15,0.651182771,-1,1,1,1,0.918450058,0.999952972,8.03441191E-17,2.77555756E-17,1
-0.501973629,0.271378309,4.11247921E-15,0.344040424,-0.748251081,0.559435129,4.28827201E-15,0.665884554,-0.804365158,0.561353326,3.83887995E-15,0.651182771,-1,1,1,1,0.918450058,0.999952972,8.03441191E-17,2.77555756E-17,1
-0.501973629,0.271378309,4.33843923E-15,0.344040424,-0.748251081,0.559435129,4.58745379E-15,0.665884554,-0.804365158,0.561353326,4.47869348E-15,0.651182771,-1,1,1,1,0.918450058,0.999952972,8.03441191E-17,2.77555756E-17,1
-0.508609414,0.209162101,0.960540593,0.51666677,-0.610220551,0.41019547,1,1,-0.688281417,0.414213568,0.514287591,0.977921426,-1,0.990299463,0,0.209167376,1,2.30591167E-16,7.67771641E-17,2.77555756E-17,2
-0.508609414,0.208117828,0.960540593,0.51666677,-0.610220551,0.41019547,1,1,-0.688281417,0.414213568,0.556660891,0.977921426,-1,0.990299463,6.79032094E-15,0.209167376,1,2.42730579E-16,8.08190796E-17,2.77555756E-17,2
-0.508609414,0.208117828,0.960540593,0.51666677,-0.610220551,0.41019547,1,1,-0.688281417,0.414213568,0.556660891,0.977921426,-1,0.990299463,6.79032094E-15,0.209167376,1,2.42730579E-16,8.08190796E-17,2.77555756E-17,2
-0.508609414,0.209162101,0.960540593,0.51666677,-0.610220551,0.41019547,1,1,-0.688281417,0.414213568,0.514287591,0.977921426,-1,0.990299463,0,0.209167376,1,2.30591167E-16,7.67771641E-17,2.77555756E-17,2
